eposta,şifre,hesap türü
umzatem@hotmail.com,fUlHHmJCeW,öğrenci
tovaxpr@gmail.com,OOMmj36oHU,mezun
okkzpww@hotmail.com,qZExv0K4VK,mezun
ohbdlvu@yahoo.com,J5dy4zH0hi,mezun
nufrqcz@gmail.com,Oyuj5epC49,öğrenci
aymyevc@yahoo.com,mLs54ReQKf,mezun
onmlktk@yahoo.com,bIGzwYvFsy,öğrenci
psgfdri@hotmail.com,iQLcdEAywX,mezun
xwdnmne@hotmail.com,WAGqAgWgiu,öğrenci
nmyydjc@gmail.com,00FHbo1OqW,mezun
pzmkbip@gmail.com,klip7C4uV0,mezun
opmrltk@yahoo.com,iPakOS2u8C,öğrenci
iwpgjst@gmail.com,NoJKSLygNC,öğrenci
dkzwwrq@yahoo.com,Kl0X0n8HpJ,mezun
dqeggzg@yahoo.com,edF7Dndqg9,mezun
pqnibhd@gmail.com,Z0zclqkt0y,mezun
fkktsgd@gmail.com,bUsPwXdtCk,mezun
jsplstm@hotmail.com,U65OwF1Rbq,öğrenci
edmjstc@yahoo.com,HLjK8osjLn,öğrenci
vcsvddw@hotmail.com,hAlStk13EN,mezun
